College_Name,Year,AICTE_Approval_Score,UGC_Rating,NIRF_Rank,Placement_Percentage,Faculty_Student_Ratio,Research_Projects,Infrastructure_Score,Student_Satisfaction_Score,Final_Performance_Index
IIT Delhi,2019,93.77,9.41,38,85.95,8.5,46,92.06,93.53,91.45
IIT Delhi,2020,91.07,9.24,53,81.28,10.2,37,86.52,85.69,86.37
IIT Delhi,2021,89.61,8.72,51,86.35,10.8,43,86.69,88.64,88.49
IIT Delhi,2022,86.26,9.37,40,83.84,12.2,47,92.65,88.85,90.8
IIT Delhi,2023,90.17,9.01,44,88.25,9.1,44,86.88,89.96,88.33
IIT Bombay,2019,88.7,8.74,79,92.64,12.8,44,88.82,92.46,88.24
IIT Bombay,2020,83.11,8.44,58,84.37,10.6,42,85.29,83.96,86.15
IIT Bombay,2021,85.78,9.45,40,97.16,11.8,38,86.41,92.53,89.37
IIT Bombay,2022,93.15,9.54,36,88.59,8.9,46,91.6,89.17,90.86
IIT Bombay,2023,85.61,8.83,71,89.7,12.7,39,85.22,89.63,87.5
IIT Kanpur,2019,95.69,9.43,49,91.82,8.0,40,90.16,94.34,92.98
IIT Kanpur,2020,92.08,9.77,41,90.56,11.1,40,89.46,89.89,91.99
IIT Kanpur,2021,95.87,9.63,57,97.52,11.4,39,93.93,91.97,91.58
IIT Kanpur,2022,99.91,9.49,26,91.6,8.9,49,98.12,91.02,95.95
IIT Kanpur,2023,93.85,9.3,29,92.07,11.3,43,94.79,96.7,94.67
IIT Kharagpur,2019,96.09,9.07,52,88.28,9.4,38,92.12,91.49,91.47
IIT Kharagpur,2020,84.23,9.32,54,80.76,11.4,44,84.9,88.17,86.45
IIT Kharagpur,2021,88.58,9.52,47,93.32,10.8,43,88.75,94.56,91.21
IIT Kharagpur,2022,85.93,8.67,61,91.9,8.9,41,87.42,90.51,89.06
IIT Kharagpur,2023,90.59,8.98,76,82.88,10.3,37,91.23,92.46,88.68
IIT Chennai,2019,91.71,9.14,60,84.41,9.3,44,90.94,89.87,88.54
IIT Chennai,2020,85.61,9.2,78,93.31,12.4,41,84.62,83.73,87.11
IIT Chennai,2021,92.04,8.79,37,93.59,8.4,39,91.26,92.89,90.97
IIT Chennai,2022,87.23,9.41,45,87.2,11.6,43,92.09,91.57,89.99
IIT Chennai,2023,85.93,9.07,46,85.89,12.5,40,92.34,91.3,89.99
IIT Roorkee,2019,93.73,9.43,36,96.52,9.0,39,93.84,89.74,92.96
IIT Roorkee,2020,100.0,10.0,36,88.34,10.9,45,98.89,100.0,96.09
IIT Roorkee,2021,94.01,9.57,55,93.14,8.0,46,98.68,98.03,96.07
IIT Roorkee,2022,90.84,9.7,63,89.11,9.5,49,96.31,96.84,94.87
IIT Roorkee,2023,94.76,9.49,53,100.0,10.6,50,96.23,96.18,96.16
IIT Guwahati,2019,95.9,9.81,62,91.29,9.2,40,94.35,89.24,93.88
IIT Guwahati,2020,93.7,9.25,51,85.76,8.0,47,92.44,89.55,93.28
IIT Guwahati,2021,96.82,9.25,51,87.48,8.0,45,94.36,95.49,94.12
IIT Guwahati,2022,100.0,9.68,34,100.0,8.3,45,93.31,91.09,95.84
IIT Guwahati,2023,100.0,10.0,33,92.53,8.0,44,98.05,99.9,97.76
IIT Hyderabad,2019,94.83,9.46,57,92.07,10.2,39,89.42,92.86,90.28
IIT Hyderabad,2020,85.35,8.68,39,94.88,11.6,41,86.78,89.1,89.19
IIT Hyderabad,2021,89.17,9.33,46,94.3,10.6,39,91.69,93.7,92.44
IIT Hyderabad,2022,96.69,9.61,35,86.25,10.4,39,93.64,97.52,93.12
IIT Hyderabad,2023,92.94,9.67,44,94.78,11.4,43,96.82,98.11,94.05
IIT Indore,2019,80.38,8.27,53,87.3,10.2,36,86.44,79.61,84.37
IIT Indore,2020,87.16,8.77,65,91.41,12.3,43,91.17,87.17,89.34
IIT Indore,2021,88.53,9.19,85,84.62,11.0,41,85.07,90.33,86.02
IIT Indore,2022,89.9,9.5,64,84.26,12.1,42,92.57,88.81,90.61
IIT Indore,2023,90.22,8.82,69,84.79,9.6,47,94.03,92.07,91.33
IIT Bhubaneswar,2019,88.94,9.11,60,95.05,11.5,45,88.56,90.95,91.01
IIT Bhubaneswar,2020,89.66,9.07,73,86.78,9.3,37,90.73,90.35,89.16
IIT Bhubaneswar,2021,85.77,9.39,39,95.07,11.4,37,87.43,94.79,89.93
IIT Bhubaneswar,2022,90.77,9.68,68,99.84,11.1,42,89.57,94.84,92.06
IIT Bhubaneswar,2023,92.91,9.9,31,93.55,8.0,44,91.01,89.86,93.67
IIT Gandhinagar,2019,89.53,9.05,81,85.07,10.4,43,85.41,91.7,87.07
IIT Gandhinagar,2020,88.45,8.24,86,84.19,14.1,33,84.07,88.44,83.75
IIT Gandhinagar,2021,88.61,9.18,60,89.35,11.6,44,84.59,85.12,87.31
IIT Gandhinagar,2022,94.28,9.19,59,86.82,9.3,41,89.5,91.21,90.38
IIT Gandhinagar,2023,90.39,9.34,74,86.22,10.9,42,86.75,82.27,85.64
IIT Jodhpur,2019,100.0,9.91,46,94.74,10.9,49,93.32,91.31,96.04
IIT Jodhpur,2020,96.97,10.0,32,95.37,9.2,49,95.92,97.25,93.87
IIT Jodhpur,2021,94.07,9.37,26,100.0,10.7,50,97.9,95.48,94.92
IIT Jodhpur,2022,100.0,10.0,28,96.43,8.0,50,97.86,94.51,97.22
IIT Jodhpur,2023,98.32,9.63,23,99.88,9.0,49,97.26,100.0,97.14
IIT Patna,2019,94.65,9.17,39,83.35,11.4,43,92.11,88.01,90.88
IIT Patna,2020,83.98,8.96,62,87.11,10.6,45,87.93,88.98,88.84
IIT Patna,2021,92.19,9.58,62,100.0,8.4,48,93.17,90.8,93.22
IIT Patna,2022,96.57,9.33,44,93.91,9.1,39,89.55,88.05,91.77
IIT Patna,2023,86.82,9.38,42,87.96,12.1,42,91.44,87.15,90.43
IIT Ropar,2019,80.86,8.51,57,77.59,10.5,37,82.41,82.81,84.17
IIT Ropar,2020,89.35,8.53,74,89.49,9.5,43,89.97,83.05,87.44
IIT Ropar,2021,89.65,9.17,51,81.93,10.9,39,87.29,85.27,86.58
IIT Ropar,2022,90.67,8.59,50,91.61,12.6,40,88.39,84.27,88.2
IIT Ropar,2023,88.93,8.83,50,86.64,9.0,39,86.88,86.88,88.61
IIT Mandi,2019,89.48,9.26,71,88.52,9.3,41,89.06,91.0,88.54
IIT Mandi,2020,82.56,8.69,59,88.62,11.8,37,89.21,87.35,86.29
IIT Mandi,2021,81.64,8.5,56,80.19,10.4,36,83.66,89.59,85.62
IIT Mandi,2022,85.42,8.72,86,78.97,11.3,43,87.37,88.35,85.18
IIT Mandi,2023,83.45,9.11,80,87.65,11.7,37,88.36,83.62,86.75
IIT (ISM) Dhanbad,2019,87.87,8.77,45,89.56,10.3,41,85.72,87.6,87.79
IIT (ISM) Dhanbad,2020,84.45,8.95,43,81.95,12.8,39,90.79,86.48,88.93
IIT (ISM) Dhanbad,2021,92.93,9.32,54,88.92,9.9,46,92.31,94.98,90.33
IIT (ISM) Dhanbad,2022,89.79,9.44,49,80.55,12.2,40,89.53,83.88,87.48
IIT (ISM) Dhanbad,2023,89.02,9.02,37,97.04,10.8,43,91.16,95.78,92.01
IIT Palakkad,2019,90.22,9.14,52,87.65,11.4,42,89.22,94.82,90.82
IIT Palakkad,2020,89.16,9.5,64,82.6,12.7,42,87.74,85.12,88.73
IIT Palakkad,2021,92.89,9.37,67,96.31,8.8,41,90.18,94.13,91.69
IIT Palakkad,2022,88.32,9.27,76,85.1,12.5,36,89.7,83.9,87.63
IIT Palakkad,2023,93.28,8.87,44,93.86,11.4,43,91.47,90.74,90.31
IIT Tirupati,2019,83.41,9.34,67,85.01,11.3,44,84.51,87.45,86.59
IIT Tirupati,2020,89.17,8.56,75,94.97,11.3,42,90.59,90.13,88.05
IIT Tirupati,2021,87.2,9.02,61,90.22,13.2,43,86.14,82.57,86.43
IIT Tirupati,2022,95.32,8.98,68,97.85,10.2,44,91.32,87.47,91.93
IIT Tirupati,2023,91.56,8.59,52,86.9,11.1,45,87.61,87.0,88.53
IIT Bhilai,2019,89.33,9.32,36,86.91,10.1,42,94.58,90.71,92.09
IIT Bhilai,2020,94.68,8.98,54,88.21,11.6,40,92.85,89.21,93.36
IIT Bhilai,2021,96.38,9.8,23,100.0,8.0,50,94.59,93.26,96.36
IIT Bhilai,2022,90.81,9.35,36,95.5,10.2,43,90.74,90.1,91.09
IIT Bhilai,2023,91.29,9.26,59,100.0,9.0,43,95.6,93.82,94.73
IIT Goa,2019,85.35,8.81,53,78.74,11.2,38,80.31,79.23,83.19
IIT Goa,2020,84.34,9.16,51,81.14,10.2,42,89.69,90.86,87.55
IIT Goa,2021,87.32,8.56,58,91.98,9.7,34,83.88,80.9,85.64
IIT Goa,2022,85.67,8.71,84,89.92,11.2,35,84.12,85.75,84.84
IIT Goa,2023,87.1,8.78,68,84.84,10.8,43,87.44,82.26,85.86
IIT Jammu,2019,97.55,9.79,44,85.97,8.8,44,94.41,91.19,93.61
IIT Jammu,2020,95.37,9.85,52,86.77,9.2,38,94.51,88.2,92.02
IIT Jammu,2021,92.88,9.67,49,100.0,8.2,40,92.97,99.14,95.14
IIT Jammu,2022,98.4,9.89,44,92.23,10.5,46,96.73,97.62,97.43
IIT Jammu,2023,89.63,9.68,32,94.62,8.9,42,91.7,91.52,92.97
IIT Dharwad,2019,91.64,9.25,60,97.96,11.3,39,88.16,88.6,90.97
IIT Dharwad,2020,88.78,9.46,52,90.61,10.9,40,90.71,95.54,93.26
IIT Dharwad,2021,95.05,9.39,38,98.27,11.0,46,91.8,94.07,93.16
IIT Dharwad,2022,88.77,9.85,34,100.0,9.7,40,93.11,96.59,92.86
IIT Dharwad,2023,98.65,9.81,50,100.0,8.3,45,93.91,100.0,95.58
NIT Tiruchirappalli,2019,93.73,9.76,39,92.76,11.9,38,92.86,89.65,91.68
NIT Tiruchirappalli,2020,100.0,10.0,36,100.0,10.2,45,99.46,92.86,97.49
NIT Tiruchirappalli,2021,93.32,9.3,24,99.16,8.5,48,93.41,94.17,96.02
NIT Tiruchirappalli,2022,99.08,9.51,46,100.0,9.6,43,93.32,99.88,96.18
NIT Tiruchirappalli,2023,97.32,9.51,64,98.35,11.7,43,95.17,92.59,93.57
NIT Warangal,2019,94.3,9.73,65,89.25,10.2,44,89.0,86.67,90.56
NIT Warangal,2020,87.3,8.95,46,82.1,8.8,46,88.99,88.27,89.43
NIT Warangal,2021,89.06,9.8,62,85.31,9.8,47,94.55,91.55,91.88
NIT Warangal,2022,88.65,9.85,40,99.06,10.7,44,92.06,89.29,91.98
NIT Warangal,2023,87.06,8.88,67,87.46,8.9,46,92.16,94.14,89.86
NIT Surathkal,2019,91.95,9.7,56,87.45,11.1,41,91.34,93.36,92.99
NIT Surathkal,2020,96.81,9.27,56,92.26,8.0,50,98.74,99.63,96.01
NIT Surathkal,2021,99.36,9.88,20,96.34,8.2,45,99.15,97.76,97.81
NIT Surathkal,2022,91.14,9.7,29,99.55,9.6,44,94.49,97.18,93.94
NIT Surathkal,2023,97.82,9.75,32,100.0,10.3,47,98.14,99.71,96.04
NIT Calicut,2019,84.62,8.79,78,86.69,11.0,40,84.88,77.94,82.65
NIT Calicut,2020,79.37,8.48,82,77.65,13.5,40,83.13,78.14,83.08
NIT Calicut,2021,81.52,8.91,84,76.5,13.5,35,82.03,76.42,80.35
NIT Calicut,2022,84.1,9.16,64,85.81,13.8,33,86.31,85.57,83.69
NIT Calicut,2023,78.04,8.61,62,81.35,12.4,36,77.31,83.75,80.03
NIT Rourkela,2019,89.91,8.62,72,79.81,9.3,38,87.35,90.12,87.42
NIT Rourkela,2020,85.66,8.67,84,85.02,11.3,35,87.97,88.14,86.2
NIT Rourkela,2021,79.75,8.89,76,80.3,13.9,34,83.52,88.36,83.93
NIT Rourkela,2022,87.01,8.75,57,93.36,11.3,42,84.0,82.75,85.62
NIT Rourkela,2023,85.31,8.57,85,83.36,14.0,34,86.0,86.56,83.79
NIT Allahabad,2019,86.24,8.82,56,76.15,13.8,38,85.41,83.45,83.63
NIT Allahabad,2020,76.02,8.57,77,74.98,13.0,30,80.26,77.46,79.77
NIT Allahabad,2021,82.45,8.7,50,77.51,11.5,37,84.95,82.27,84.35
NIT Allahabad,2022,87.83,9.02,51,83.92,10.4,35,87.15,80.66,84.23
NIT Allahabad,2023,84.74,8.89,73,75.71,11.5,37,81.08,82.06,83.56
NIT Bhopal,2019,66.94,7.07,111,71.0,17.1,23,65.97,64.02,67.97
NIT Bhopal,2020,73.88,7.28,117,64.65,15.1,31,74.04,73.96,71.82
NIT Bhopal,2021,71.7,8.18,79,79.63,14.8,33,73.02,74.74,73.31
NIT Bhopal,2022,74.47,7.35,81,68.11,13.5,33,70.47,76.92,72.16
NIT Bhopal,2023,68.34,8.01,106,71.49,15.3,31,69.89,76.48,71.52
NIT Nagpur,2019,82.52,9.02,49,78.01,10.7,38,87.73,87.8,85.52
NIT Nagpur,2020,85.83,8.77,59,94.38,9.6,43,87.05,85.96,86.58
NIT Nagpur,2021,86.84,9.33,79,85.72,10.4,40,89.45,84.08,86.97
NIT Nagpur,2022,88.18,9.18,48,90.31,13.0,36,85.28,91.57,86.86
NIT Nagpur,2023,88.25,8.77,58,90.64,11.7,38,83.86,85.64,84.71
NIT Kurukshetra,2019,76.49,7.5,105,69.0,16.1,25,74.62,71.34,71.8
NIT Kurukshetra,2020,67.1,7.38,101,68.76,16.4,28,69.86,72.54,71.37
NIT Kurukshetra,2021,71.36,7.64,74,78.48,14.9,31,76.76,77.75,74.69
NIT Kurukshetra,2022,78.15,7.66,77,70.78,12.6,31,77.08,69.86,74.46
NIT Kurukshetra,2023,71.71,8.21,91,72.3,13.0,26,75.11,76.84,72.19
NIT Durgapur,2019,74.18,8.19,95,73.03,14.7,31,70.62,68.08,72.78
NIT Durgapur,2020,71.47,7.26,112,76.94,13.9,29,69.08,73.1,69.42
NIT Durgapur,2021,71.06,7.87,123,72.07,15.6,28,71.35,69.84,69.14
NIT Durgapur,2022,73.07,7.69,114,64.21,16.3,26,69.66,64.82,68.76
NIT Durgapur,2023,78.02,7.39,115,71.53,16.2,32,73.42,75.41,73.02
NIT Jamshedpur,2019,80.87,8.78,86,86.8,13.6,36,84.51,78.8,82.6
NIT Jamshedpur,2020,79.0,8.54,65,82.28,12.8,36,83.64,81.32,83.94
NIT Jamshedpur,2021,80.69,8.25,75,86.11,12.7,37,82.7,87.05,83.42
NIT Jamshedpur,2022,84.58,8.31,62,82.88,11.4,39,84.99,85.87,84.79
NIT Jamshedpur,2023,89.9,9.16,81,79.06,10.2,34,87.65,90.75,86.77
NIT Silchar,2019,71.82,8.53,83,69.84,13.9,29,74.92,74.29,76.21
NIT Silchar,2020,76.36,7.89,94,79.43,13.1,31,73.7,72.78,75.97
NIT Silchar,2021,72.55,8.08,98,69.45,14.3,29,78.52,75.57,75.74
NIT Silchar,2022,77.49,7.7,92,84.21,14.1,36,79.29,74.27,76.99
NIT Silchar,2023,75.03,7.82,108,80.32,13.9,28,75.61,71.67,73.92
NIT Hamirpur,2019,83.56,8.15,80,81.11,12.9,32,83.3,85.51,81.88
NIT Hamirpur,2020,77.1,8.01,82,82.85,12.9,33,80.49,82.08,81.14
NIT Hamirpur,2021,88.2,8.3,79,81.79,11.9,39,84.47,88.23,83.32
NIT Hamirpur,2022,77.65,8.75,79,78.0,10.9,31,83.97,78.53,81.61
NIT Hamirpur,2023,80.55,8.52,54,83.58,10.5,40,81.68,83.68,83.28
NIT Jalandhar,2019,84.44,8.55,63,86.82,14.0,39,84.45,86.41,84.11
NIT Jalandhar,2020,79.09,8.74,89,78.3,12.9,34,83.71,79.46,83.49
NIT Jalandhar,2021,86.47,8.56,77,88.63,13.8,35,83.3,80.43,83.9
NIT Jalandhar,2022,91.93,9.05,75,87.99,11.7,36,89.19,83.93,87.66
NIT Jalandhar,2023,89.98,9.18,44,84.01,10.3,38,84.68,91.53,87.16
NIT Raipur,2019,76.11,8.12,90,77.39,15.4,32,80.09,80.65,77.14
NIT Raipur,2020,81.36,7.78,99,75.15,15.2,36,78.89,79.96,77.06
NIT Raipur,2021,73.94,8.15,71,81.25,12.8,38,78.98,81.36,78.14
NIT Raipur,2022,81.22,8.63,85,79.3,14.6,30,77.62,76.59,77.6
NIT Raipur,2023,76.86,7.82,65,72.35,15.3,34,80.98,77.51,78.19
NIT Agartala,2019,74.11,7.58,98,70.17,14.7,32,72.63,70.33,74.71
NIT Agartala,2020,76.46,7.71,107,69.79,14.5,37,75.3,73.28,76.86
NIT Agartala,2021,71.44,7.47,103,66.4,14.6,35,75.29,74.56,73.41
NIT Agartala,2022,76.25,8.03,89,69.11,15.7,31,73.18,73.69,75.01
NIT Agartala,2023,79.44,8.33,99,68.34,13.6,32,73.28,73.76,76.16
NIT Patna,2019,79.58,8.05,62,75.09,15.1,37,81.98,79.11,79.23
NIT Patna,2020,80.04,8.32,94,73.13,13.1,31,78.51,81.94,79.56
NIT Patna,2021,81.02,8.48,72,86.82,14.0,41,83.98,80.41,82.26
NIT Patna,2022,83.41,8.48,83,76.65,13.6,37,84.86,85.63,84.03
NIT Patna,2023,87.14,8.98,48,86.07,10.2,41,85.85,87.58,85.78
NIT Meghalaya,2019,70.3,7.02,91,60.33,17.7,29,67.25,66.1,68.13
NIT Meghalaya,2020,72.97,7.78,90,65.01,13.7,29,71.81,67.87,70.22
NIT Meghalaya,2021,64.57,7.97,98,73.06,16.2,25,66.98,64.96,68.75
NIT Meghalaya,2022,75.56,7.97,98,65.49,16.6,32,71.57,77.61,72.82
NIT Meghalaya,2023,74.06,8.11,108,75.74,13.1,28,75.8,70.48,73.24
NIT Manipur,2019,74.57,8.13,109,71.03,12.6,28,77.5,76.63,75.17
NIT Manipur,2020,77.96,8.35,106,81.5,13.3,33,74.56,78.22,74.8
NIT Manipur,2021,80.72,8.39,72,78.67,15.4,37,75.21,74.6,77.95
NIT Manipur,2022,77.13,8.31,80,74.97,15.6,33,75.13,75.78,74.87
NIT Manipur,2023,75.61,8.28,93,83.61,14.1,35,75.59,77.25,77.63
NIT Mizoram,2019,70.88,7.98,91,67.04,16.9,24,68.95,70.95,68.62
NIT Mizoram,2020,68.22,7.56,112,72.2,13.1,31,68.55,73.79,71.34
NIT Mizoram,2021,73.94,7.42,98,63.74,14.8,31,72.33,68.04,69.35
NIT Mizoram,2022,73.55,8.09,104,69.6,14.7,30,68.35,72.53,71.33
NIT Mizoram,2023,74.21,7.29,104,70.97,15.7,24,71.75,71.89,71.27
NIT Sikkim,2019,80.8,8.63,73,84.23,13.2,30,76.38,77.37,79.03
NIT Sikkim,2020,82.7,8.74,79,79.66,11.4,33,80.22,76.51,80.62
NIT Sikkim,2021,78.72,8.45,105,84.66,14.1,32,78.55,80.59,77.73
NIT Sikkim,2022,76.72,8.55,81,78.77,13.9,30,76.79,75.97,77.62
NIT Sikkim,2023,72.81,8.54,76,77.86,12.8,37,76.12,76.86,77.57
NIT Arunachal Pradesh,2019,82.0,9.11,65,84.87,10.3,34,86.51,85.11,85.14
NIT Arunachal Pradesh,2020,85.51,8.92,58,84.98,10.8,39,84.15,87.78,83.21
NIT Arunachal Pradesh,2021,77.08,8.3,66,77.46,14.3,33,80.14,84.1,81.5
NIT Arunachal Pradesh,2022,87.06,8.31,69,76.83,10.2,42,82.12,84.61,84.29
NIT Arunachal Pradesh,2023,83.03,9.16,49,87.18,13.8,38,87.18,80.08,84.56
NIT Uttarakhand,2019,77.15,8.47,82,77.31,13.0,32,74.63,79.56,74.84
NIT Uttarakhand,2020,75.93,7.81,72,73.04,12.6,36,77.8,77.67,77.43
NIT Uttarakhand,2021,78.57,8.22,74,78.3,14.4,27,74.72,74.82,74.97
NIT Uttarakhand,2022,80.23,8.41,96,75.17,13.7,33,76.05,71.4,75.78
NIT Uttarakhand,2023,81.42,8.23,66,82.94,12.2,31,76.35,76.66,78.36
NIT Delhi,2019,78.52,8.9,91,87.4,11.6,35,84.38,84.19,81.47
NIT Delhi,2020,74.67,8.29,98,79.63,13.2,30,79.95,82.24,79.01
NIT Delhi,2021,84.39,9.0,64,82.01,11.8,39,82.1,82.98,81.63
NIT Delhi,2022,83.6,9.19,70,79.17,12.7,41,83.54,88.21,84.64
NIT Delhi,2023,83.56,9.35,51,81.02,10.3,42,86.71,82.31,85.79
NIT Goa,2019,73.13,8.57,98,77.38,15.5,32,80.2,78.98,77.3
NIT Goa,2020,74.57,8.61,82,72.51,11.6,34,78.08,80.11,77.91
NIT Goa,2021,75.74,8.63,67,85.68,14.3,35,81.21,78.09,79.95
NIT Goa,2022,81.15,8.19,79,77.84,14.8,31,75.97,80.05,77.93
NIT Goa,2023,76.57,8.18,64,78.13,12.7,37,81.47,81.77,80.56
NIT Puducherry,2019,77.05,8.67,91,71.35,14.3,31,78.45,73.03,77.33
NIT Puducherry,2020,77.39,7.63,108,70.3,15.1,32,73.91,71.89,73.83
NIT Puducherry,2021,69.89,7.77,99,81.57,15.8,33,76.29,76.21,74.56
NIT Puducherry,2022,79.42,8.2,93,69.12,13.9,31,77.53,75.81,75.35
NIT Puducherry,2023,81.34,7.74,85,69.24,14.8,36,75.25,80.15,76.57
NIT Andhra Pradesh,2019,79.39,8.45,68,84.25,14.7,30,78.82,74.66,76.85
NIT Andhra Pradesh,2020,73.25,8.37,88,70.66,12.7,28,76.93,75.13,77.12
NIT Andhra Pradesh,2021,73.95,7.88,99,68.74,15.6,35,76.98,76.91,75.97
NIT Andhra Pradesh,2022,75.09,7.84,73,82.95,11.6,34,81.21,81.79,78.24
NIT Andhra Pradesh,2023,72.15,8.45,92,70.35,12.2,36,77.53,79.8,76.51
NIT Karnataka,2019,83.79,8.62,64,82.57,13.2,38,85.97,83.05,83.62
NIT Karnataka,2020,85.64,8.84,77,80.13,12.0,34,83.63,84.2,84.33
NIT Karnataka,2021,89.6,8.91,77,85.2,12.3,34,83.62,83.72,85.1
NIT Karnataka,2022,79.98,8.4,60,92.06,11.2,37,82.7,85.63,84.52
NIT Karnataka,2023,80.94,8.73,50,75.99,10.9,33,81.52,82.26,83.87
IIIT Hyderabad,2019,82.6,8.39,91,80.82,10.8,37,80.15,80.92,82.47
IIIT Hyderabad,2020,86.33,8.6,81,90.47,10.9,34,81.95,81.8,82.58
IIIT Hyderabad,2021,86.58,8.81,78,79.45,13.7,41,84.43,77.52,82.5
IIIT Hyderabad,2022,79.87,8.51,51,86.02,12.7,34,83.66,83.92,84.36
IIIT Hyderabad,2023,79.46,8.58,82,76.39,10.5,35,85.9,84.94,83.25
IIIT Allahabad,2019,80.29,7.86,87,85.96,13.6,38,80.7,75.56,79.35
IIIT Allahabad,2020,78.76,8.68,58,75.28,11.9,35,83.01,83.87,83.09
IIIT Allahabad,2021,74.67,8.33,77,82.11,14.0,37,79.6,77.74,78.44
IIIT Allahabad,2022,80.47,8.42,85,81.86,13.5,40,84.86,86.88,82.72
IIIT Allahabad,2023,79.95,8.62,70,83.38,13.4,38,81.01,78.43,81.77
IIIT Bangalore,2019,78.21,7.79,79,66.72,14.9,32,73.36,70.03,74.31
IIIT Bangalore,2020,74.53,8.29,92,74.25,12.7,37,76.14,78.3,76.42
IIIT Bangalore,2021,75.16,7.55,91,82.73,13.7,27,72.49,74.18,75.3
IIIT Bangalore,2022,71.15,8.33,88,72.55,15.6,28,78.65,74.06,75.92
IIIT Bangalore,2023,81.82,8.79,97,77.4,14.7,34,80.1,79.19,80.79
IIIT Gwalior,2019,76.58,8.13,99,81.38,13.7,30,74.6,72.99,76.05
IIIT Gwalior,2020,74.39,7.85,108,76.89,13.4,32,73.8,75.41,75.97
IIIT Gwalior,2021,79.77,8.29,100,85.96,13.5,35,80.6,76.89,79.88
IIIT Gwalior,2022,74.39,8.29,84,74.64,15.1,38,80.32,79.33,78.99
IIIT Gwalior,2023,78.65,8.88,59,87.05,11.5,40,85.01,78.83,82.34
IIIT Jabalpur,2019,79.66,8.75,83,77.83,12.2,31,81.4,78.69,79.83
IIIT Jabalpur,2020,77.43,8.28,100,85.2,13.2,36,79.09,78.24,77.51
IIIT Jabalpur,2021,77.68,8.06,92,79.7,14.2,39,78.05,84.51,80.68
IIIT Jabalpur,2022,78.23,8.38,101,70.44,13.4,35,79.47,80.06,78.13
IIIT Jabalpur,2023,74.74,8.0,99,73.21,12.6,37,73.8,81.72,76.75
IIIT Kota,2019,80.07,8.08,84,87.47,13.5,32,83.64,84.81,82.12
IIIT Kota,2020,84.26,8.87,80,75.02,12.6,31,81.05,80.67,81.6
IIIT Kota,2021,77.04,7.89,95,85.71,11.6,38,78.68,76.54,78.55
IIIT Kota,2022,79.12,8.62,90,71.92,11.5,33,77.89,76.44,79.11
IIIT Kota,2023,83.87,8.9,74,87.34,12.1,35,79.19,82.24,80.84
IIIT Sri City,2019,83.88,8.97,52,91.52,11.7,38,85.82,86.55,85.31
IIIT Sri City,2020,84.44,8.35,82,87.78,13.6,37,82.74,79.04,82.62
IIIT Sri City,2021,85.05,8.98,53,81.48,11.8,35,88.83,85.51,87.34
IIIT Sri City,2022,83.3,8.2,63,86.5,10.5,40,80.21,80.65,83.19
IIIT Sri City,2023,86.29,8.65,54,84.46,12.4,38,89.86,92.05,88.13
IIIT Vadodara,2019,77.74,8.78,66,81.96,13.2,33,79.76,81.01,78.97
IIIT Vadodara,2020,70.7,8.14,100,81.49,15.5,35,75.25,72.01,74.03
IIIT Vadodara,2021,77.96,8.16,73,72.9,16.0,31,74.74,74.72,75.14
IIIT Vadodara,2022,74.95,7.97,71,80.54,13.6,35,78.36,73.38,76.26
IIIT Vadodara,2023,79.17,8.74,69,82.3,13.6,32,77.27,80.97,79.45
IIIT Nagpur,2019,81.42,8.29,88,75.16,14.6,32,79.18,75.55,79.97
IIIT Nagpur,2020,79.41,8.11,95,71.48,12.7,32,76.36,75.49,79.25
IIIT Nagpur,2021,81.49,8.43,77,83.08,10.7,35,84.34,81.75,81.56
IIIT Nagpur,2022,81.76,8.97,82,83.98,14.0,33,80.75,86.35,83.64
IIIT Nagpur,2023,81.12,8.56,48,81.61,12.9,38,84.01,83.64,84.92
IIIT Pune,2019,70.28,7.98,120,61.2,17.3,30,70.5,68.4,68.82
IIIT Pune,2020,67.94,7.16,93,65.85,15.4,30,69.75,65.49,69.91
IIIT Pune,2021,78.19,8.19,114,74.48,16.3,26,72.96,71.02,73.77
IIIT Pune,2022,66.1,7.7,115,70.95,14.1,30,70.51,68.58,69.7
IIIT Pune,2023,70.66,7.69,113,69.71,14.5,34,74.31,68.69,73.07
IIIT Kurnool,2019,70.57,7.49,91,76.58,15.7,24,69.26,71.05,69.26
IIIT Kurnool,2020,67.91,7.92,101,70.91,15.1,23,68.16,69.62,70.17
IIIT Kurnool,2021,66.96,8.06,119,76.15,16.5,26,74.23,68.43,71.46
IIIT Kurnool,2022,81.37,8.33,107,77.53,12.9,31,76.98,72.15,76.42
IIIT Kurnool,2023,79.76,7.69,103,81.47,16.0,36,75.07,79.72,74.94
IIIT Una,2019,79.1,8.56,71,81.58,13.8,31,79.72,82.05,79.33
IIIT Una,2020,76.97,8.06,69,88.67,11.5,37,80.19,80.07,81.85
IIIT Una,2021,86.74,8.35,66,76.91,11.9,39,82.16,82.34,84.45
IIIT Una,2022,86.44,9.07,56,86.42,11.9,35,83.77,86.43,82.25
IIIT Una,2023,86.84,8.74,76,82.08,11.8,37,87.01,83.47,86.07
IIIT Sonepat,2019,71.4,8.04,79,68.01,12.3,28,77.58,73.21,75.38
IIIT Sonepat,2020,76.89,8.02,92,76.34,15.0,30,75.19,80.02,76.08
IIIT Sonepat,2021,80.48,8.04,99,76.17,13.8,29,77.1,73.41,76.55
IIIT Sonepat,2022,76.91,7.58,78,66.47,16.4,30,72.82,76.47,73.36
IIIT Sonepat,2023,75.21,8.34,98,79.36,12.4,36,77.12,74.71,76.89
IIIT Kalyani,2019,69.88,8.15,75,72.27,14.6,26,76.44,70.87,73.6
IIIT Kalyani,2020,73.74,7.79,70,79.37,15.9,29,76.68,78.12,75.7
IIIT Kalyani,2021,78.7,8.16,74,82.87,14.4,31,78.69,83.49,79.47
IIIT Kalyani,2022,84.57,8.63,76,81.17,13.7,30,79.99,81.81,79.72
IIIT Kalyani,2023,79.19,8.19,106,69.06,12.9,33,75.16,78.53,76.38
IIIT Tiruchirappalli,2019,79.14,8.33,77,85.93,14.5,36,80.29,78.62,79.0
IIIT Tiruchirappalli,2020,86.36,8.98,83,80.8,13.2,35,83.48,82.77,84.41
IIIT Tiruchirappalli,2021,88.82,9.02,76,86.25,13.5,38,84.54,81.89,85.26
IIIT Tiruchirappalli,2022,86.95,8.65,49,90.03,9.9,40,87.42,83.98,84.6
IIIT Tiruchirappalli,2023,83.84,8.86,77,89.27,10.8,36,83.11,85.42,81.79
IIIT Dharwad,2019,75.02,7.86,78,80.33,13.0,29,73.23,78.2,74.49
IIIT Dharwad,2020,77.19,7.69,98,75.37,15.7,35,71.3,75.97,74.23
IIIT Dharwad,2021,71.49,7.47,93,68.65,15.6,27,72.4,70.05,71.0
IIIT Dharwad,2022,74.44,7.51,97,74.57,14.3,24,70.84,76.04,71.6
IIIT Dharwad,2023,77.25,8.18,78,74.23,15.1,27,74.21,73.3,75.54
IIIT Lucknow,2019,75.04,8.37,68,86.89,11.6,33,80.79,81.41,79.36
IIIT Lucknow,2020,74.98,8.02,78,71.8,13.8,30,75.24,78.08,76.52
IIIT Lucknow,2021,81.33,8.0,62,87.51,12.1,31,80.89,81.53,80.29
IIIT Lucknow,2022,76.55,7.82,101,74.89,14.0,36,79.53,77.0,78.87
IIIT Lucknow,2023,78.08,8.53,104,70.8,12.3,37,78.53,80.94,77.11
IIIT Ranchi,2019,75.58,8.07,91,65.81,14.9,28,73.27,78.14,73.57
IIIT Ranchi,2020,76.33,7.52,103,80.57,13.1,25,72.54,68.86,72.93
IIIT Ranchi,2021,79.68,7.98,81,74.48,15.0,26,76.07,76.66,75.53
IIIT Ranchi,2022,72.79,8.24,74,70.55,15.6,34,72.45,72.85,75.37
IIIT Ranchi,2023,71.03,7.61,78,72.67,15.5,31,74.36,69.14,73.33
IIIT Kottayam,2019,89.35,9.23,82,87.01,10.3,40,87.76,88.68,86.3
IIIT Kottayam,2020,80.59,8.66,85,86.25,12.0,36,84.11,88.85,84.9
IIIT Kottayam,2021,89.15,8.86,70,82.25,12.3,38,85.93,87.76,86.27
IIIT Kottayam,2022,84.03,9.4,51,87.49,9.1,38,88.41,83.95,88.39
IIIT Kottayam,2023,90.49,8.5,75,84.77,12.1,36,84.18,82.82,86.22
IIIT Manipur,2019,70.81,7.92,118,72.13,14.0,25,68.03,66.67,69.17
IIIT Manipur,2020,72.0,7.59,94,76.9,16.2,27,74.13,76.18,71.65
IIIT Manipur,2021,69.56,7.69,119,77.04,13.6,27,71.34,71.05,71.02
IIIT Manipur,2022,74.31,7.83,115,76.46,16.2,27,71.38,67.32,70.72
IIIT Manipur,2023,70.89,8.12,83,67.98,13.1,25,75.41,76.42,74.1
IIIT Agartala,2019,71.53,7.57,76,81.95,13.0,30,73.32,72.92,75.69
IIIT Agartala,2020,79.42,8.01,66,76.6,12.3,31,81.1,79.5,78.34
IIIT Agartala,2021,78.22,8.25,83,82.21,14.0,31,79.07,78.18,79.07
IIIT Agartala,2022,82.76,8.55,61,83.14,11.1,34,79.3,83.37,81.45
IIIT Agartala,2023,76.88,8.63,73,78.09,13.2,28,79.72,73.65,77.96
IIIT Raichur,2019,78.76,8.39,76,69.64,14.5,33,79.49,80.69,77.48
IIIT Raichur,2020,79.52,8.21,92,78.89,11.8,38,81.97,79.34,79.67
IIIT Raichur,2021,74.45,8.35,106,70.82,12.3,35,74.9,75.99,75.57
IIIT Raichur,2022,77.09,8.66,59,79.43,13.9,35,84.41,82.01,81.42
IIIT Raichur,2023,75.24,8.09,79,71.14,12.9,33,79.38,79.61,78.04
Vellore Institute of Technology,2019,74.86,8.38,84,69.77,14.8,36,77.97,73.35,77.68
Vellore Institute of Technology,2020,83.57,8.9,83,87.58,12.4,33,83.76,83.94,82.73
Vellore Institute of Technology,2021,79.78,8.34,88,87.08,13.9,39,83.67,84.63,83.09
Vellore Institute of Technology,2022,85.25,8.89,55,84.05,12.8,35,82.68,82.6,84.47
Vellore Institute of Technology,2023,78.23,8.41,93,81.19,11.5,31,82.26,79.91,81.08
Birla Institute of Technology,2019,86.25,8.43,79,79.51,14.0,38,82.23,80.98,83.28
Birla Institute of Technology,2020,82.92,8.2,81,77.21,13.4,38,82.64,83.58,80.97
Birla Institute of Technology,2021,77.34,8.72,71,80.37,10.8,33,78.66,85.25,81.45
Birla Institute of Technology,2022,82.86,8.12,81,79.46,14.0,40,81.24,86.3,82.29
Birla Institute of Technology,2023,90.56,9.33,52,88.53,9.5,36,90.3,85.57,87.3
SRM Institute of Science and Technology,2019,86.64,9.14,62,75.71,11.9,33,80.2,81.67,83.06
SRM Institute of Science and Technology,2020,84.09,8.49,77,79.14,10.2,40,84.17,86.05,83.43
SRM Institute of Science and Technology,2021,82.83,8.48,83,81.45,14.6,35,79.94,84.36,79.46
SRM Institute of Science and Technology,2022,83.69,8.95,65,79.93,12.4,42,86.84,82.68,84.26
SRM Institute of Science and Technology,2023,80.51,9.17,91,85.78,13.4,39,83.95,78.92,83.39
Amity University,2019,66.92,7.08,133,59.82,16.6,26,66.33,66.63,65.14
Amity University,2020,59.81,7.2,124,58.12,17.8,22,64.25,66.62,63.25
Amity University,2021,58.31,7.33,124,66.31,18.4,26,65.88,63.47,63.11
Amity University,2022,64.55,6.9,117,61.96,18.2,25,66.08,64.08,65.53
Amity University,2023,58.72,7.0,103,65.12,18.5,27,64.36,60.52,63.41
Manipal Institute of Technology,2019,71.54,8.2,84,79.42,16.3,26,76.96,75.8,74.58
Manipal Institute of Technology,2020,75.25,8.4,73,72.96,12.3,36,77.5,79.13,75.6
Manipal Institute of Technology,2021,71.74,7.96,72,71.26,12.9,31,74.5,71.9,75.89
Manipal Institute of Technology,2022,68.24,8.21,110,79.25,14.7,27,73.55,70.03,71.76
Manipal Institute of Technology,2023,70.38,7.47,86,70.74,15.4,25,71.32,76.15,73.06
Thapar Institute of Engineering,2019,60.64,6.21,118,56.75,17.7,19,58.82,53.37,56.99
Thapar Institute of Engineering,2020,58.98,6.36,135,55.3,18.0,16,58.68,56.99,58.92
Thapar Institute of Engineering,2021,56.44,6.79,124,64.47,17.9,23,62.54,64.49,60.87
Thapar Institute of Engineering,2022,58.7,7.01,151,64.55,17.7,16,58.26,60.74,58.32
Thapar Institute of Engineering,2023,59.73,7.13,122,65.65,17.5,19,59.62,62.52,59.89
Lovely Professional University,2019,60.21,6.13,141,56.97,18.8,19,54.08,56.23,55.7
Lovely Professional University,2020,58.87,6.22,137,52.22,17.6,16,55.35,60.51,57.25
Lovely Professional University,2021,61.51,7.05,137,51.52,18.0,22,56.44,53.1,57.23
Lovely Professional University,2022,62.81,7.04,116,62.12,16.8,17,61.61,56.86,59.36
Lovely Professional University,2023,53.11,7.02,144,60.14,19.3,16,57.85,56.61,58.1
Kalinga Institute of Industrial Technology,2019,61.0,6.08,127,52.11,17.5,22,56.6,56.46,56.79
Kalinga Institute of Industrial Technology,2020,55.48,6.7,127,60.49,20.1,22,58.33,62.21,58.94
Kalinga Institute of Industrial Technology,2021,51.2,6.18,131,56.07,19.2,22,55.96,55.91,55.9
Kalinga Institute of Industrial Technology,2022,51.03,6.51,135,61.1,17.5,13,55.37,53.05,55.68
Kalinga Institute of Industrial Technology,2023,58.42,6.11,141,52.67,17.4,17,57.98,55.09,56.17
Bharati Vidyapeeth University,2019,70.5,7.16,116,68.82,17.7,25,65.17,62.96,67.77
Bharati Vidyapeeth University,2020,72.72,8.07,87,70.0,12.9,34,73.48,76.81,72.48
Bharati Vidyapeeth University,2021,70.72,7.75,97,75.18,17.3,31,71.04,67.38,69.61
Bharati Vidyapeeth University,2022,74.84,7.13,112,73.51,15.8,33,69.08,68.6,70.21
Bharati Vidyapeeth University,2023,68.92,7.32,98,74.84,17.3,24,68.72,73.78,69.49
Vel Tech Rangarajan Dr Sagunthala R&D Institute,2019,50.42,6.4,128,61.28,19.1,16,52.27,53.5,53.79
Vel Tech Rangarajan Dr Sagunthala R&D Institute,2020,60.22,6.87,136,64.18,19.6,21,55.04,52.78,57.71
Vel Tech Rangarajan Dr Sagunthala R&D Institute,2021,57.15,6.35,134,61.66,20.5,21,54.39,57.42,55.51
Vel Tech Rangarajan Dr Sagunthala R&D Institute,2022,53.27,6.19,130,55.25,20.0,14,57.78,56.68,56.37
Vel Tech Rangarajan Dr Sagunthala R&D Institute,2023,56.89,6.36,139,55.91,17.2,15,57.24,60.99,56.96
Hindustan Institute of Technology,2019,64.86,7.49,132,64.34,17.6,27,62.67,61.55,63.28
Hindustan Institute of Technology,2020,62.71,7.06,113,60.67,17.8,16,62.33,56.59,59.44
Hindustan Institute of Technology,2021,61.23,7.06,108,62.82,17.9,17,58.32,60.96,60.28
Hindustan Institute of Technology,2022,66.54,7.29,142,58.31,19.2,21,61.24,57.66,62.16
Hindustan Institute of Technology,2023,63.12,6.85,114,63.02,16.5,22,60.35,64.43,61.2
SSN College of Engineering,2019,69.79,7.56,113,68.53,13.9,24,71.08,71.1,71.28
SSN College of Engineering,2020,71.17,7.8,106,79.14,14.0,30,72.78,78.28,73.96
SSN College of Engineering,2021,74.46,7.79,104,62.65,15.3,27,68.09,71.69,70.13
SSN College of Engineering,2022,76.36,8.27,72,74.42,12.5,33,78.37,77.36,75.74
SSN College of Engineering,2023,69.42,7.72,98,76.21,16.4,29,70.12,68.43,70.87
PSG College of Technology,2019,55.38,6.68,143,49.37,18.3,15,54.19,59.52,56.25
PSG College of Technology,2020,54.06,6.06,155,55.78,18.0,17,56.26,59.45,54.87
PSG College of Technology,2021,60.3,6.95,153,58.61,19.2,17,57.95,56.75,56.44
PSG College of Technology,2022,58.97,7.01,141,54.03,19.2,21,61.75,59.0,59.68
PSG College of Technology,2023,62.54,6.42,145,58.14,18.2,17,58.83,56.64,58.39
Thiagarajar College of Engineering,2019,49.48,6.83,160,52.74,20.1,15,55.44,57.47,54.42
Thiagarajar College of Engineering,2020,57.97,7.0,121,66.81,16.2,21,59.92,60.85,58.97
Thiagarajar College of Engineering,2021,58.89,6.04,146,50.07,18.3,17,54.01,51.11,54.51
Thiagarajar College of Engineering,2022,54.49,6.68,155,48.66,18.5,13,52.41,56.93,55.31
Thiagarajar College of Engineering,2023,55.03,6.41,112,63.76,20.1,16,56.79,62.08,58.4
Kumaraguru College of Technology,2019,68.55,7.38,99,71.33,12.8,30,70.11,75.92,73.05
Kumaraguru College of Technology,2020,68.27,7.92,93,80.45,14.9,27,74.12,70.58,72.87
Kumaraguru College of Technology,2021,75.7,8.21,69,75.77,15.1,35,75.3,74.22,76.95
Kumaraguru College of Technology,2022,81.24,7.75,85,74.33,15.2,28,75.2,79.46,76.93
Kumaraguru College of Technology,2023,72.76,7.77,90,71.15,14.8,26,73.27,75.89,72.84
Bannari Amman Institute of Technology,2019,64.62,7.22,102,66.66,16.6,22,65.33,67.05,68.13
Bannari Amman Institute of Technology,2020,68.82,7.89,89,78.06,16.5,27,70.27,71.0,71.89
Bannari Amman Institute of Technology,2021,71.37,7.9,111,74.84,15.1,24,71.07,68.25,69.65
Bannari Amman Institute of Technology,2022,70.44,7.4,117,67.23,16.7,34,74.49,74.33,72.73
Bannari Amman Institute of Technology,2023,76.33,7.6,96,74.58,14.4,29,71.65,73.31,72.67
Sri Krishna College of Engineering,2019,74.56,7.81,116,71.12,16.5,23,72.13,65.62,70.22
Sri Krishna College of Engineering,2020,79.77,7.78,80,79.1,13.2,35,72.47,71.11,74.85
Sri Krishna College of Engineering,2021,77.62,8.42,82,78.71,14.4,33,76.98,76.64,75.89
Sri Krishna College of Engineering,2022,70.85,8.12,85,76.16,13.6,31,74.57,70.27,73.09
Sri Krishna College of Engineering,2023,67.68,7.82,114,64.09,16.0,27,71.24,75.66,71.37
Sastra University,2019,56.57,6.5,114,53.88,18.0,21,61.72,58.18,61.43
Sastra University,2020,62.55,7.34,107,67.16,17.9,22,60.92,56.61,60.92
Sastra University,2021,61.19,6.66,144,58.68,16.3,23,58.94,60.43,60.18
Sastra University,2022,68.33,7.44,124,67.2,18.5,21,61.33,62.05,64.33
Sastra University,2023,63.57,7.09,127,54.21,18.2,20,62.94,62.51,61.95
Anna University,2019,55.61,7.1,145,62.06,16.3,19,61.04,62.46,59.66
Anna University,2020,55.06,7.02,122,56.14,15.8,21,62.17,64.64,60.06
Anna University,2021,63.39,6.64,122,61.33,17.4,22,61.69,59.2,63.25
Anna University,2022,58.21,6.66,142,61.35,17.4,26,65.22,63.07,62.24
Anna University,2023,64.0,7.06,110,68.49,17.2,23,63.53,67.05,65.73
Shanmugha Arts Science Technology,2019,59.97,6.84,142,64.0,18.3,21,58.75,54.9,58.04
Shanmugha Arts Science Technology,2020,53.07,6.36,144,60.82,17.7,13,58.0,51.3,55.22
Shanmugha Arts Science Technology,2021,59.29,6.72,115,51.35,16.6,20,58.7,55.77,58.44
Shanmugha Arts Science Technology,2022,63.09,6.33,128,62.92,16.8,19,60.57,63.87,59.89
Shanmugha Arts Science Technology,2023,62.26,7.14,119,63.68,17.3,18,62.64,61.99,61.43
Delhi Technological University,2019,59.85,6.99,99,68.9,17.5,22,65.69,63.6,64.64
Delhi Technological University,2020,63.75,7.05,135,60.22,15.3,24,67.03,62.99,64.21
Delhi Technological University,2021,58.94,6.85,113,63.07,19.7,20,59.67,59.55,60.54
Delhi Technological University,2022,65.2,6.82,120,63.92,17.2,23,58.73,64.5,61.36
Delhi Technological University,2023,68.3,7.8,97,66.45,16.6,26,66.22,65.2,66.82
Jadavpur University,2019,53.51,6.79,123,49.82,18.8,19,59.12,57.66,56.89
Jadavpur University,2020,60.14,6.61,118,58.16,20.1,17,55.89,53.54,57.11
Jadavpur University,2021,55.77,6.61,119,63.48,19.7,19,58.42,52.25,56.45
Jadavpur University,2022,60.2,7.04,141,55.33,19.8,16,61.15,63.61,58.9
Jadavpur University,2023,59.82,6.15,129,57.86,18.7,23,58.63,57.41,57.6
Bengal Engineering College,2019,69.12,8.39,78,78.93,13.6,27,73.54,75.34,73.9
Bengal Engineering College,2020,66.52,7.78,117,69.11,14.0,28,68.27,74.18,70.98
Bengal Engineering College,2021,75.03,7.79,106,75.03,15.7,32,75.86,75.14,74.15
Bengal Engineering College,2022,76.76,7.82,102,67.71,15.4,30,70.29,67.77,72.18
Bengal Engineering College,2023,76.46,7.93,83,76.48,12.8,30,71.8,70.66,73.82
College of Engineering Pune,2019,53.88,6.57,132,58.1,17.7,23,56.24,58.42,58.37
College of Engineering Pune,2020,52.63,6.63,138,62.97,18.8,23,54.21,52.9,56.92
College of Engineering Pune,2021,54.16,6.63,140,50.04,20.2,22,56.09,53.08,57.31
College of Engineering Pune,2022,54.83,6.31,132,54.5,17.6,24,59.67,63.06,58.57
College of Engineering Pune,2023,57.72,6.77,113,50.97,18.7,21,58.37,58.8,58.9
Government College of Technology Coimbatore,2019,58.81,6.51,110,67.76,18.1,23,59.35,59.38,60.45
Government College of Technology Coimbatore,2020,58.2,6.66,134,65.07,17.5,22,64.77,57.96,62.23
Government College of Technology Coimbatore,2021,61.49,7.32,140,58.84,18.6,26,61.34,61.99,62.99
Government College of Technology Coimbatore,2022,69.05,6.82,129,61.61,17.7,23,64.74,67.59,64.27
Government College of Technology Coimbatore,2023,70.8,6.93,118,61.37,15.8,26,66.55,67.33,67.13
Visvesvaraya National Institute of Technology,2019,74.5,7.72,82,67.28,16.5,33,75.18,77.66,72.74
Visvesvaraya National Institute of Technology,2020,72.23,8.06,94,72.37,13.9,31,74.13,70.29,73.68
Visvesvaraya National Institute of Technology,2021,76.3,8.13,78,79.64,12.1,30,77.44,76.4,75.76
Visvesvaraya National Institute of Technology,2022,76.95,8.07,103,78.76,14.6,31,72.8,72.61,75.0
Visvesvaraya National Institute of Technology,2023,77.44,8.13,80,68.55,13.8,30,77.85,71.68,76.45
Indian Institute of Engineering Science,2019,66.09,7.52,89,71.36,15.8,26,69.47,73.31,69.35
Indian Institute of Engineering Science,2020,60.6,7.59,118,71.62,16.9,27,64.95,67.87,65.37
Indian Institute of Engineering Science,2021,70.9,7.29,94,65.35,14.3,26,70.51,71.05,70.17
Indian Institute of Engineering Science,2022,68.91,7.0,92,62.5,16.0,23,66.46,66.76,67.76
Indian Institute of Engineering Science,2023,65.71,7.79,109,75.35,17.0,23,68.49,74.43,70.57
Motilal Nehru National Institute of Technology,2019,66.19,7.34,134,72.51,17.6,22,66.84,60.05,64.56
Motilal Nehru National Institute of Technology,2020,67.03,6.8,109,57.27,18.5,23,64.11,60.45,63.06
Motilal Nehru National Institute of Technology,2021,69.32,7.15,108,62.07,18.1,27,69.33,64.75,66.72
Motilal Nehru National Institute of Technology,2022,70.02,7.58,128,65.66,14.6,27,68.74,68.11,67.36
Motilal Nehru National Institute of Technology,2023,64.46,6.97,114,66.73,17.7,21,63.84,62.1,64.41
Maulana Azad National Institute of Technology,2019,64.77,6.72,136,67.02,19.0,18,63.41,59.44,60.67
Maulana Azad National Institute of Technology,2020,54.13,6.67,115,54.48,17.4,23,60.76,56.53,58.51
Maulana Azad National Institute of Technology,2021,65.7,7.23,108,65.17,19.1,24,61.11,62.13,62.12
Maulana Azad National Institute of Technology,2022,61.45,6.53,117,66.19,18.9,18,64.06,59.64,61.35
Maulana Azad National Institute of Technology,2023,64.46,7.27,141,58.95,18.8,18,63.18,64.37,61.95
Sardar Vallabhbhai National Institute of Technology,2019,70.8,7.03,93,70.55,16.0,29,66.37,63.75,67.07
Sardar Vallabhbhai National Institute of Technology,2020,71.56,7.38,110,71.25,15.6,28,73.05,74.37,71.07
Sardar Vallabhbhai National Institute of Technology,2021,66.86,8.0,108,73.96,14.7,32,72.16,66.94,70.81
Sardar Vallabhbhai National Institute of Technology,2022,73.36,7.11,123,72.37,16.0,25,67.99,73.92,69.5
Sardar Vallabhbhai National Institute of Technology,2023,72.1,7.44,91,61.52,15.7,32,68.56,67.92,69.34
Dr. B R Ambedkar National Institute of Technology,2019,61.41,7.34,123,62.13,15.9,27,60.5,57.74,62.01
Dr. B R Ambedkar National Institute of Technology,2020,64.31,6.98,116,67.92,15.8,26,64.25,62.55,63.36
Dr. B R Ambedkar National Institute of Technology,2021,60.2,7.26,122,59.76,17.6,27,62.24,66.84,62.63
Dr. B R Ambedkar National Institute of Technology,2022,58.0,6.7,118,57.97,15.2,26,64.52,64.87,62.45
Dr. B R Ambedkar National Institute of Technology,2023,58.09,6.52,132,68.75,17.1,18,61.96,60.38,61.89
Malaviya National Institute of Technology,2019,65.41,6.67,101,71.13,16.0,18,61.36,58.61,63.22
Malaviya National Institute of Technology,2020,65.37,6.83,120,65.16,17.3,26,64.54,57.45,62.35
Malaviya National Institute of Technology,2021,64.77,7.7,114,72.96,17.6,22,65.4,70.09,65.16
Malaviya National Institute of Technology,2022,62.12,7.5,107,58.25,15.9,22,68.05,64.51,66.14
Malaviya National Institute of Technology,2023,61.47,7.12,102,62.2,14.5,22,66.79,64.38,66.46
Pandit Dwarka Prasad Mishra Indian Institute,2019,66.37,7.41,121,59.89,15.6,27,59.97,60.59,62.61
Pandit Dwarka Prasad Mishra Indian Institute,2020,60.84,6.68,132,56.6,17.7,19,60.06,66.73,62.64
Pandit Dwarka Prasad Mishra Indian Institute,2021,65.7,7.04,105,69.78,16.2,26,60.5,66.03,62.49
Pandit Dwarka Prasad Mishra Indian Institute,2022,62.05,7.22,140,68.47,18.6,26,60.12,59.77,61.93
Pandit Dwarka Prasad Mishra Indian Institute,2023,62.85,7.02,119,58.64,17.6,20,62.94,64.12,64.08
Rajiv Gandhi Institute of Technology,2019,73.82,7.45,100,65.76,14.3,28,69.6,70.11,72.37
Rajiv Gandhi Institute of Technology,2020,78.7,7.79,75,69.03,14.0,35,72.01,76.8,74.16
Rajiv Gandhi Institute of Technology,2021,74.39,7.45,116,67.06,16.0,24,67.46,73.96,69.58
Rajiv Gandhi Institute of Technology,2022,78.81,8.12,104,68.04,13.6,29,75.75,73.49,74.93
Rajiv Gandhi Institute of Technology,2023,71.78,7.98,97,64.94,14.0,25,69.62,72.25,70.82
Government Engineering College,2019,66.82,7.78,96,67.7,17.0,23,65.85,72.03,68.2
Government Engineering College,2020,68.42,6.85,119,63.63,14.4,26,65.02,65.44,66.58
Government Engineering College,2021,61.97,7.04,98,72.08,14.5,24,63.24,63.58,65.5
Government Engineering College,2022,67.69,8.15,89,74.94,15.3,32,71.4,71.42,71.08
Government Engineering College,2023,63.85,7.79,103,65.14,17.1,24,69.9,69.57,67.19
Netaji Subhas Institute of Technology,2019,64.73,7.3,104,64.87,16.6,31,68.78,67.66,69.23
Netaji Subhas Institute of Technology,2020,69.67,7.61,97,76.77,15.6,30,72.09,68.64,70.22
Netaji Subhas Institute of Technology,2021,71.04,7.27,121,74.61,16.5,28,69.38,71.0,67.55
Netaji Subhas Institute of Technology,2022,63.33,7.33,116,67.02,16.9,25,68.63,64.68,67.82
Netaji Subhas Institute of Technology,2023,70.9,7.34,94,74.42,15.2,25,73.25,72.6,70.44
Indira Gandhi Delhi Technical University,2019,73.46,8.29,96,77.02,13.5,30,71.45,70.77,73.71
Indira Gandhi Delhi Technical University,2020,67.04,8.21,89,74.26,16.4,29,69.57,73.93,71.65
Indira Gandhi Delhi Technical University,2021,78.06,8.33,109,76.92,13.4,33,73.15,79.72,75.74
Indira Gandhi Delhi Technical University,2022,71.64,8.18,99,71.66,14.5,33,72.4,77.06,73.36
Indira Gandhi Delhi Technical University,2023,76.44,8.24,82,72.56,13.2,32,73.88,75.02,73.67
Guru Gobind Singh Indraprastha University,2019,52.62,6.4,137,62.93,19.1,18,59.92,59.39,57.2
Guru Gobind Singh Indraprastha University,2020,62.29,6.72,105,65.63,15.8,20,62.21,62.65,62.01
Guru Gobind Singh Indraprastha University,2021,57.2,6.72,131,68.05,18.6,25,62.11,61.45,60.53
Guru Gobind Singh Indraprastha University,2022,60.25,6.81,135,58.42,18.3,18,58.7,55.56,58.58
Guru Gobind Singh Indraprastha University,2023,59.62,6.61,118,65.29,16.9,20,63.11,61.23,62.76
Jamia Millia Islamia University,2019,76.22,7.92,98,68.78,13.8,30,78.72,71.31,76.19
Jamia Millia Islamia University,2020,76.88,7.94,76,82.03,14.4,32,72.89,74.31,74.47
Jamia Millia Islamia University,2021,69.98,7.54,107,70.07,13.2,31,75.84,69.85,74.23
Jamia Millia Islamia University,2022,71.81,7.59,72,80.96,12.5,27,75.25,79.06,75.62
Jamia Millia Islamia University,2023,73.45,7.48,91,75.47,14.7,29,73.13,70.3,74.23
Aligarh Muslim University,2019,62.6,7.26,146,65.77,18.2,22,58.64,61.24,59.93
Aligarh Muslim University,2020,62.39,7.26,113,59.66,18.9,18,62.48,66.7,62.57
Aligarh Muslim University,2021,64.46,6.87,112,69.63,17.1,23,61.6,59.16,64.0
Aligarh Muslim University,2022,65.39,7.43,95,69.55,17.9,26,64.37,67.44,66.62
Aligarh Muslim University,2023,65.0,7.65,119,72.32,16.9,21,64.79,62.95,65.93
Banaras Hindu University,2019,76.5,7.78,79,78.84,14.2,28,75.44,70.14,74.74
Banaras Hindu University,2020,72.32,7.46,117,67.98,13.3,26,74.25,71.89,72.63
Banaras Hindu University,2021,69.78,7.5,90,79.64,15.8,27,74.8,78.7,74.57
Banaras Hindu University,2022,77.3,7.55,111,78.03,16.2,32,73.18,78.39,74.0
Banaras Hindu University,2023,72.15,8.11,105,80.7,13.3,33,75.26,69.47,73.83
Osmania University,2019,59.49,7.4,130,64.92,19.4,20,63.25,60.79,61.44
Osmania University,2020,62.27,7.68,103,62.68,17.5,23,66.11,64.91,65.46
Osmania University,2021,62.48,6.77,107,64.79,15.2,23,64.6,60.77,65.2
Osmania University,2022,68.59,6.83,120,67.38,16.3,26,64.21,64.79,64.74
Osmania University,2023,63.71,7.1,105,59.68,19.3,21,61.8,65.89,61.79
Andhra University,2019,72.82,7.95,102,69.44,15.0,32,71.02,65.67,69.84
Andhra University,2020,71.83,7.33,101,70.7,16.4,26,73.98,72.6,72.02
Andhra University,2021,72.39,7.43,101,67.18,17.4,24,65.83,63.96,67.67
Andhra University,2022,72.43,7.54,93,64.29,14.8,32,68.69,74.51,69.63
Andhra University,2023,68.05,8.09,99,74.61,17.0,24,68.84,73.46,71.26
Jawaharlal Nehru Technological University,2019,54.14,6.22,141,52.89,18.0,21,58.31,54.01,58.74
Jawaharlal Nehru Technological University,2020,57.94,7.29,136,61.76,17.3,22,62.17,66.71,62.84
Jawaharlal Nehru Technological University,2021,62.36,7.24,135,71.39,16.9,23,62.67,68.59,64.0
Jawaharlal Nehru Technological University,2022,60.79,6.58,119,58.47,19.8,16,60.46,55.82,59.99
Jawaharlal Nehru Technological University,2023,59.96,6.86,116,57.63,16.0,19,63.36,65.01,60.56
Kakatiya University,2019,66.22,6.48,135,69.3,15.7,19,64.89,62.5,62.12
Kakatiya University,2020,56.86,6.69,137,63.01,20.0,18,59.51,59.62,59.28
Kakatiya University,2021,58.82,7.45,137,62.1,17.7,19,62.39,64.08,62.13
Kakatiya University,2022,68.19,7.17,114,67.64,15.7,22,62.37,62.61,63.29
Kakatiya University,2023,65.23,7.53,118,62.86,17.7,22,63.73,65.43,65.39
Sri Venkateswara University,2019,58.75,6.59,132,64.74,18.7,22,55.11,57.96,57.27
Sri Venkateswara University,2020,63.76,7.25,115,56.4,16.9,21,65.13,60.36,62.92
Sri Venkateswara University,2021,68.6,6.87,112,70.35,18.7,23,62.94,64.28,64.02
Sri Venkateswara University,2022,60.58,7.26,103,55.63,16.7,21,61.74,62.75,62.84
Sri Venkateswara University,2023,58.06,6.7,144,59.72,17.3,22,64.04,58.56,61.14
Acharya Nagarjuna University,2019,70.99,7.18,111,62.95,15.8,30,68.19,73.34,69.92
Acharya Nagarjuna University,2020,69.75,7.26,101,60.45,18.1,21,64.5,64.79,66.31
Acharya Nagarjuna University,2021,70.8,7.25,94,66.17,14.2,27,71.57,67.52,70.35
Acharya Nagarjuna University,2022,68.23,8.02,123,74.13,14.5,23,68.23,66.99,69.33
Acharya Nagarjuna University,2023,73.44,8.01,116,68.42,16.0,26,68.03,72.68,70.66
Krishna University,2019,52.95,6.57,151,51.52,20.3,15,54.33,56.92,54.65
Krishna University,2020,61.73,6.27,142,58.61,20.2,15,58.36,57.54,56.85
Krishna University,2021,54.59,6.22,143,61.07,19.3,18,54.96,50.36,54.84
Krishna University,2022,55.01,6.22,127,55.16,18.3,15,54.88,51.43,55.09
Krishna University,2023,63.44,6.99,112,64.18,19.1,23,57.45,61.2,59.76
Rajiv Gandhi University of Knowledge Technologies,2019,73.61,7.73,99,64.7,15.4,25,71.76,70.08,72.15
Rajiv Gandhi University of Knowledge Technologies,2020,68.79,7.99,109,67.07,13.2,26,74.72,72.74,72.46
Rajiv Gandhi University of Knowledge Technologies,2021,68.56,7.95,112,77.74,15.3,25,70.16,67.98,72.49
Rajiv Gandhi University of Knowledge Technologies,2022,68.09,7.5,95,78.82,15.4,32,72.99,67.86,71.73
Rajiv Gandhi University of Knowledge Technologies,2023,72.85,8.15,85,83.06,13.2,29,77.69,70.35,75.1
Indian Institute of Information Technology,2019,73.65,8.1,122,63.33,16.6,29,71.17,66.57,70.29
Indian Institute of Information Technology,2020,75.16,8.04,100,62.97,14.8,31,71.54,69.93,70.33
Indian Institute of Information Technology,2021,66.53,7.35,127,69.52,15.3,26,64.66,71.99,67.26
Indian Institute of Information Technology,2022,69.37,7.42,112,72.19,16.4,25,68.49,65.85,69.59
Indian Institute of Information Technology,2023,67.26,7.85,114,78.12,14.7,28,69.33,73.57,71.87
Birla Institute of Technology and Science,2019,69.11,7.93,119,65.78,15.6,24,67.5,74.0,69.89
Birla Institute of Technology and Science,2020,76.45,7.46,108,72.86,13.8,31,71.4,76.41,73.85
Birla Institute of Technology and Science,2021,69.79,7.52,84,65.83,15.1,33,70.02,68.41,72.92
Birla Institute of Technology and Science,2022,76.56,7.7,89,74.9,13.7,25,74.77,74.62,73.36
Birla Institute of Technology and Science,2023,76.33,8.09,82,71.55,13.0,27,74.97,77.5,73.91
International Institute of Information Technology,2019,71.87,7.61,104,76.28,14.7,34,76.24,78.37,75.02
International Institute of Information Technology,2020,74.57,8.12,90,74.34,14.2,34,69.29,72.89,72.09
International Institute of Information Technology,2021,75.38,7.54,85,73.16,16.3,27,71.12,75.84,73.25
International Institute of Information Technology,2022,79.88,7.71,96,71.48,12.6,33,76.32,78.31,75.76
International Institute of Information Technology,2023,74.59,7.91,111,71.79,13.4,30,75.5,72.63,75.11
Dhirubhai Ambani Institute of Information Technology,2019,75.86,7.36,105,78.41,13.6,34,71.62,76.36,71.9
Dhirubhai Ambani Institute of Information Technology,2020,72.88,7.68,84,68.35,12.8,27,74.4,77.82,74.87
Dhirubhai Ambani Institute of Information Technology,2021,68.46,7.92,86,65.72,13.6,33,74.08,70.69,72.15
Dhirubhai Ambani Institute of Information Technology,2022,76.11,8.24,97,77.8,13.1,27,75.47,79.65,75.74
Dhirubhai Ambani Institute of Information Technology,2023,79.05,8.55,76,78.79,14.7,36,78.64,77.59,75.72
Institute of Chemical Technology,2019,57.73,7.21,140,59.79,17.9,21,61.29,59.77,61.66
Institute of Chemical Technology,2020,66.31,7.4,110,67.94,18.3,19,59.35,59.63,61.95
Institute of Chemical Technology,2021,64.68,7.29,110,66.86,15.1,22,64.11,59.81,63.35
Institute of Chemical Technology,2022,60.66,7.22,116,64.85,15.4,18,65.77,61.01,63.31
Institute of Chemical Technology,2023,68.78,6.81,109,66.4,18.8,27,63.81,66.74,63.79
Harcourt Butler Technical University,2019,65.22,6.51,118,54.18,16.7,24,59.85,56.46,60.58
Harcourt Butler Technical University,2020,62.08,6.71,131,51.93,20.4,22,55.96,52.97,57.27
Harcourt Butler Technical University,2021,52.26,6.57,154,56.0,20.1,17,57.31,58.37,56.05
Harcourt Butler Technical University,2022,55.87,6.72,117,55.04,18.6,24,57.11,60.42,57.26
Harcourt Butler Technical University,2023,62.27,6.84,145,57.88,18.4,21,58.81,55.75,59.31
Uttar Pradesh Technical University,2019,57.71,6.05,130,57.75,18.5,16,51.95,58.57,53.97
Uttar Pradesh Technical University,2020,63.12,6.67,139,53.78,16.0,15,60.0,59.03,59.48
Uttar Pradesh Technical University,2021,53.05,6.56,141,57.06,19.2,16,59.86,58.86,57.98
Uttar Pradesh Technical University,2022,54.0,6.66,149,55.29,17.6,22,57.65,56.12,56.64
Uttar Pradesh Technical University,2023,55.84,6.83,125,66.73,18.0,20,59.19,62.97,58.8
Dr. A.P.J. Abdul Kalam Technical University,2019,72.91,7.74,101,65.8,15.1,25,73.21,69.08,70.72
Dr. A.P.J. Abdul Kalam Technical University,2020,74.56,8.07,95,68.3,13.9,26,74.97,73.7,74.23
Dr. A.P.J. Abdul Kalam Technical University,2021,70.89,7.56,91,80.51,15.4,29,73.79,69.53,73.68
Dr. A.P.J. Abdul Kalam Technical University,2022,77.09,7.82,94,69.18,16.0,28,76.31,72.88,75.42
Dr. A.P.J. Abdul Kalam Technical University,2023,77.09,8.12,98,80.6,12.7,29,72.81,79.2,74.32
Rajasthan Technical University,2019,66.03,6.85,107,60.68,16.4,21,61.3,67.98,64.18
Rajasthan Technical University,2020,64.5,7.13,93,68.97,17.6,21,64.04,68.98,66.08
Rajasthan Technical University,2021,59.93,7.28,109,62.39,17.8,27,63.89,68.96,64.49
Rajasthan Technical University,2022,66.44,7.08,134,70.25,15.3,27,65.68,66.64,63.73
Rajasthan Technical University,2023,66.04,7.39,112,70.23,15.3,19,63.22,63.75,62.99
Gujarat Technological University,2019,69.61,6.74,101,57.23,16.9,28,66.0,68.23,65.0
Gujarat Technological University,2020,65.9,7.2,114,58.64,17.2,24,67.07,65.34,65.48
Gujarat Technological University,2021,68.28,7.02,126,68.61,14.8,30,66.91,62.53,66.8
Gujarat Technological University,2022,67.7,7.92,116,77.83,15.4,27,71.68,66.49,70.16
Gujarat Technological University,2023,70.65,7.2,100,75.84,16.8,24,67.73,67.81,70.18
Anna University of Technology,2019,72.47,7.22,108,67.97,16.5,25,71.1,67.63,70.27
Anna University of Technology,2020,78.01,7.57,108,75.77,12.9,30,72.24,76.28,74.28
Anna University of Technology,2021,71.11,8.01,104,82.03,14.2,36,75.26,73.99,75.05
Anna University of Technology,2022,76.01,8.06,89,81.63,15.3,31,75.08,76.0,76.08
Anna University of Technology,2023,72.32,8.29,91,72.28,12.6,28,77.63,72.98,74.93
Visvesvaraya Technological University,2019,56.21,6.19,125,58.85,18.5,18,57.83,62.8,58.14
Visvesvaraya Technological University,2020,55.72,6.39,130,62.29,17.1,21,55.27,57.33,58.14
Visvesvaraya Technological University,2021,59.42,6.95,113,64.9,15.8,25,59.22,64.78,61.03
Visvesvaraya Technological University,2022,61.22,6.54,146,53.02,16.8,20,56.48,55.95,58.99
Visvesvaraya Technological University,2023,67.8,6.92,137,63.76,16.1,25,63.99,67.93,63.04
Jawaharlal Nehru Technological University Hyderabad,2019,56.85,6.52,104,69.32,18.7,24,61.39,59.33,61.33
Jawaharlal Nehru Technological University Hyderabad,2020,56.56,6.57,141,59.34,16.4,15,56.32,57.81,58.71
Jawaharlal Nehru Technological University Hyderabad,2021,65.27,7.41,117,61.69,15.3,27,65.6,60.58,63.9
Jawaharlal Nehru Technological University Hyderabad,2022,61.75,7.08,141,63.15,17.5,17,59.25,58.75,61.87
Jawaharlal Nehru Technological University Hyderabad,2023,61.93,6.98,114,64.87,16.5,18,57.99,58.22,59.5
Jawaharlal Nehru Technological University Kakinada,2019,59.1,7.29,110,54.3,16.0,22,57.35,63.39,60.03
Jawaharlal Nehru Technological University Kakinada,2020,60.93,6.91,113,55.83,16.9,22,58.93,56.83,60.66
Jawaharlal Nehru Technological University Kakinada,2021,59.13,7.42,130,60.67,15.4,20,65.1,65.34,63.91
Jawaharlal Nehru Technological University Kakinada,2022,67.66,7.26,106,59.18,18.4,20,60.72,65.32,63.29
Jawaharlal Nehru Technological University Kakinada,2023,65.71,7.07,107,68.67,16.5,20,60.92,57.02,61.51
Jawaharlal Nehru Technological University Anantapur,2019,61.68,6.86,132,67.52,15.8,21,61.91,59.18,62.67
Jawaharlal Nehru Technological University Anantapur,2020,69.29,7.07,105,60.91,16.6,22,70.14,70.03,67.22
Jawaharlal Nehru Technological University Anantapur,2021,66.06,7.63,117,60.06,16.0,28,66.14,66.78,65.27
Jawaharlal Nehru Technological University Anantapur,2022,72.57,7.91,91,69.34,16.7,29,69.27,65.3,68.63
Jawaharlal Nehru Technological University Anantapur,2023,70.92,7.08,105,63.5,15.1,22,68.12,69.21,68.71
Kalasalingam Academy of Research and Education,2019,71.74,7.19,92,74.0,14.4,31,70.43,68.38,68.37
Kalasalingam Academy of Research and Education,2020,66.75,7.47,107,68.38,16.9,24,71.08,71.69,70.78
Kalasalingam Academy of Research and Education,2021,66.86,7.41,119,64.43,16.9,28,70.88,71.44,69.31
Kalasalingam Academy of Research and Education,2022,67.82,7.74,108,74.6,15.9,22,66.47,71.65,67.14
Kalasalingam Academy of Research and Education,2023,71.99,7.85,102,61.64,16.7,24,70.01,67.74,68.31
Karunya Institute of Technology,2019,65.2,7.25,107,64.25,16.4,28,65.54,66.62,66.37
Karunya Institute of Technology,2020,63.92,7.08,130,69.81,16.6,26,63.41,67.41,66.23
Karunya Institute of Technology,2021,66.22,7.12,97,60.86,18.2,24,65.56,61.29,65.76
Karunya Institute of Technology,2022,65.6,7.11,120,59.32,18.0,20,61.57,63.04,63.43
Karunya Institute of Technology,2023,62.9,7.38,121,70.62,16.2,20,64.07,70.22,65.42
VIT University,2019,63.26,7.47,89,69.29,17.5,31,68.43,67.77,68.18
VIT University,2020,71.83,7.17,102,65.94,15.3,27,70.59,68.66,70.1
VIT University,2021,65.95,7.6,120,63.32,18.1,29,64.17,61.3,65.91
VIT University,2022,73.15,8.06,119,71.48,15.6,23,68.35,69.47,69.87
VIT University,2023,70.27,7.82,95,70.74,13.8,26,71.2,71.63,69.7
SRM University,2019,73.46,7.71,93,79.19,15.3,34,71.7,77.21,73.48
SRM University,2020,76.56,7.64,90,72.86,16.5,25,71.78,76.24,72.67
SRM University,2021,72.18,7.94,86,81.84,15.2,31,78.12,74.84,75.19
SRM University,2022,71.29,7.83,81,80.82,15.6,28,74.21,75.88,73.66
SRM University,2023,83.28,8.37,92,80.45,13.3,30,77.22,79.76,79.46
Amrita Vishwa Vidyapeetham,2019,59.73,6.13,137,58.13,20.3,19,54.89,58.02,57.5
Amrita Vishwa Vidyapeetham,2020,67.89,6.96,113,69.43,15.9,24,62.36,58.33,62.92
Amrita Vishwa Vidyapeetham,2021,58.11,7.02,144,56.75,18.9,16,60.69,56.17,60.46
Amrita Vishwa Vidyapeetham,2022,67.14,7.32,130,66.84,18.6,26,67.03,64.65,64.48
Amrita Vishwa Vidyapeetham,2023,60.36,6.43,131,59.8,18.3,16,58.25,59.99,60.08
Christ University,2019,72.56,8.08,100,70.09,14.2,27,76.11,69.62,73.31
Christ University,2020,69.0,7.62,106,68.96,12.8,30,70.8,69.59,73.74
Christ University,2021,79.57,8.56,101,79.79,12.0,35,78.93,79.85,76.86
Christ University,2022,72.89,8.39,99,83.25,12.7,29,73.83,78.49,75.56
Christ University,2023,69.8,8.43,75,79.5,13.9,34,74.46,78.15,74.13
PES University,2019,66.33,7.4,109,76.79,15.1,29,68.71,73.63,70.58
PES University,2020,74.51,8.14,71,77.77,13.8,29,76.48,75.17,76.83
PES University,2021,75.51,7.48,103,78.06,13.7,26,76.18,79.21,74.65
PES University,2022,71.7,7.56,98,67.94,14.0,32,73.83,72.33,73.46
PES University,2023,75.67,7.51,75,81.15,12.5,33,77.57,72.75,75.05
R.V. College of Engineering,2019,66.64,7.47,130,56.21,17.8,22,62.65,58.31,62.82
R.V. College of Engineering,2020,63.96,6.84,117,59.2,19.0,24,59.69,57.23,61.06
R.V. College of Engineering,2021,66.13,7.04,124,63.46,16.8,25,62.06,58.09,61.92
R.V. College of Engineering,2022,62.05,7.37,116,67.6,18.5,19,58.9,57.7,61.68
R.V. College of Engineering,2023,62.78,7.13,114,69.39,14.9,24,65.69,66.19,65.78
BMS College of Engineering,2019,72.48,7.74,107,72.59,15.2,23,70.39,69.64,69.4
BMS College of Engineering,2020,71.08,8.22,101,66.07,14.6,32,74.47,72.65,72.7
BMS College of Engineering,2021,72.41,7.89,108,81.08,15.0,34,72.27,78.39,74.74
BMS College of Engineering,2022,68.57,7.48,96,67.81,14.3,25,70.57,72.51,71.79
BMS College of Engineering,2023,71.49,8.09,112,77.13,14.0,32,70.93,69.32,73.02
M.S. Ramaiah Institute of Technology,2019,61.22,6.66,104,69.5,17.4,21,64.09,64.03,63.76
M.S. Ramaiah Institute of Technology,2020,60.68,7.43,112,66.45,15.1,22,62.46,63.78,63.35
M.S. Ramaiah Institute of Technology,2021,63.25,6.55,134,65.2,18.0,23,61.32,58.9,60.35
M.S. Ramaiah Institute of Technology,2022,63.21,7.29,125,63.33,15.7,24,67.17,69.56,65.27
M.S. Ramaiah Institute of Technology,2023,65.8,7.54,101,59.9,17.6,27,66.33,63.33,64.18
Dayananda Sagar College of Engineering,2019,53.72,6.3,147,49.62,20.0,17,56.99,52.31,56.41
Dayananda Sagar College of Engineering,2020,52.21,6.97,149,55.67,17.6,22,55.38,52.92,56.31
Dayananda Sagar College of Engineering,2021,62.6,6.16,121,65.18,16.9,15,58.59,61.78,58.17
Dayananda Sagar College of Engineering,2022,63.1,6.83,115,66.03,17.9,17,58.5,56.19,58.15
Dayananda Sagar College of Engineering,2023,51.32,6.45,150,57.46,20.7,16,54.99,52.9,56.31
Sir M. Visvesvaraya Institute of Technology,2019,59.92,6.97,154,52.71,20.0,17,54.67,60.69,56.99
Sir M. Visvesvaraya Institute of Technology,2020,56.25,6.7,120,63.39,17.7,25,56.93,58.15,59.6
Sir M. Visvesvaraya Institute of Technology,2021,59.2,6.55,139,65.17,19.8,23,61.28,59.68,59.17
Sir M. Visvesvaraya Institute of Technology,2022,59.77,6.84,116,61.21,16.5,26,60.61,57.72,61.74
Sir M. Visvesvaraya Institute of Technology,2023,56.01,6.45,115,59.87,17.4,24,61.88,59.71,60.44
New Horizon College of Engineering,2019,63.31,6.4,107,65.3,17.6,17,58.99,64.9,60.57
New Horizon College of Engineering,2020,66.43,7.13,118,71.94,18.6,21,66.2,61.3,64.33
New Horizon College of Engineering,2021,62.72,6.78,142,54.38,17.6,25,63.38,57.52,60.96
New Horizon College of Engineering,2022,63.57,6.65,141,69.01,15.9,18,59.89,66.47,62.37
New Horizon College of Engineering,2023,61.0,6.9,127,54.98,16.3,26,64.29,64.65,61.84
Nitte Meenakshi Institute of Technology,2019,55.63,6.12,157,56.49,17.4,21,57.1,50.13,54.35
Nitte Meenakshi Institute of Technology,2020,54.12,6.38,124,57.33,20.6,18,53.58,57.28,56.08
Nitte Meenakshi Institute of Technology,2021,58.99,6.37,126,50.49,20.0,15,57.03,52.49,55.43
Nitte Meenakshi Institute of Technology,2022,55.47,6.91,155,51.13,18.2,14,55.88,55.42,55.82
Nitte Meenakshi Institute of Technology,2023,64.09,6.67,128,66.13,19.1,15,58.71,59.01,59.79
